{
  "generated_at_unix": 1782832063.786939,
  "methodology": {
    "transport": "TCP loopback",
    "workload": "mixed",
    "requests_per_case": 100000,
    "clients": [
      1,
      10,
      100
    ],
    "pipeline_depth": 32,
    "server_workers": 8,
    "storage_shards": 64,
    "aof": "disabled",
    "non_pipelined_latency": "one measured request-response round trip",
    "pipelined_latency": "batch round-trip divided by commands in that batch"
  },
  "machine": {
    "platform": "macOS-26.2-arm64-arm-64bit",
    "architecture": "arm64",
    "processor": "Apple M3",
    "logical_cpus": "8",
    "memory_bytes": "17179869184"
  },
  "results": [
    {
      "host": "127.0.0.1",
      "port": 6387,
      "clients": 1,
      "requests": 100000,
      "command": "mixed",
      "pipelined": false,
      "pipeline_depth": 1,
      "total_time_seconds": 2.4037328329868615,
      "qps": 41601.96117791539,
      "avg_latency_ms": 0.02291821430553682,
      "p50_latency_ms": 0.022875028662383556,
      "p95_latency_ms": 0.025958986952900887,
      "p99_latency_ms": 0.028957962058484554,
      "success_rate": 100.0,
      "successes": 100000,
      "failures": 0,
      "timestamp_unix": 1782832057.6446679
    },
    {
      "host": "127.0.0.1",
      "port": 6387,
      "clients": 1,
      "requests": 100000,
      "command": "mixed",
      "pipelined": true,
      "pipeline_depth": 32,
      "total_time_seconds": 0.8428349589230493,
      "qps": 118647.19058138877,
      "avg_latency_ms": 0.008085444755852222,
      "p50_latency_ms": 0.008076811354840174,
      "p95_latency_ms": 0.008718750905245543,
      "p99_latency_ms": 0.009128907549893484,
      "success_rate": 100.0,
      "successes": 100000,
      "failures": 0,
      "timestamp_unix": 1782832058.516854
    },
    {
      "host": "127.0.0.1",
      "port": 6387,
      "clients": 10,
      "requests": 100000,
      "command": "mixed",
      "pipelined": false,
      "pipeline_depth": 1,
      "total_time_seconds": 2.178175957989879,
      "qps": 45909.97326601869,
      "avg_latency_ms": 0.21518478637328373,
      "p50_latency_ms": 0.19358296412974596,
      "p95_latency_ms": 0.43145904783159494,
      "p99_latency_ms": 0.5813341122120619,
      "success_rate": 100.0,
      "successes": 100000,
      "failures": 0,
      "timestamp_unix": 1782832060.749929
    },
    {
      "host": "127.0.0.1",
      "port": 6387,
      "clients": 10,
      "requests": 100000,
      "command": "mixed",
      "pipelined": true,
      "pipeline_depth": 32,
      "total_time_seconds": 0.43638366600498557,
      "qps": 229156.14811040505,
      "avg_latency_ms": 0.041345329085597765,
      "p50_latency_ms": 0.03701302921399474,
      "p95_latency_ms": 0.07452474892488681,
      "p99_latency_ms": 0.13291665527503937,
      "success_rate": 100.0,
      "successes": 100000,
      "failures": 0,
      "timestamp_unix": 1782832061.215849
    },
    {
      "host": "127.0.0.1",
      "port": 6387,
      "clients": 100,
      "requests": 100000,
      "command": "mixed",
      "pipelined": false,
      "pipeline_depth": 1,
      "total_time_seconds": 2.09643987508025,
      "qps": 47699.91316644465,
      "avg_latency_ms": 2.027710733298445,
      "p50_latency_ms": 1.7391250003129244,
      "p95_latency_ms": 4.515417036600411,
      "p99_latency_ms": 6.050375057384372,
      "success_rate": 100.0,
      "successes": 100000,
      "failures": 0,
      "timestamp_unix": 1782832063.391565
    },
    {
      "host": "127.0.0.1",
      "port": 6387,
      "clients": 100,
      "requests": 100000,
      "command": "mixed",
      "pipelined": true,
      "pipeline_depth": 32,
      "total_time_seconds": 0.3429772920208052,
      "qps": 291564.49224613374,
      "avg_latency_ms": 0.20463710811221972,
      "p50_latency_ms": 0.16937371765379794,
      "p95_latency_ms": 0.46029037548578344,
      "p99_latency_ms": 0.690205746650463,
      "success_rate": 100.0,
      "successes": 100000,
      "failures": 0,
      "timestamp_unix": 1782832063.786765
    }
  ]
}
