{
  "keys_inserted": 100000,
  "sampled_keys_checked": 1000,
  "sampled_keys_recovered": 1000,
  "recovery_seconds": 0.10826900007668883,
  "insert_qps": 115489.149768161,
  "aof_path": "data/recovery_benchmark.aof",
  "timestamp_unix": 1782831827.78173
}
